logged_at,pick_key,league,slot,tier,game_id,kickoff_utc,matchup,side,line,price,book,confidence,ev_pct,units,fair_source,market_home_margin,model_home_margin
2026-09-30T05:10:39.911320+00:00,b0998b3474fea9dee080784b8da01048|New Mexico State Aggies,cfb,thu,play,b0998b3474fea9dee080784b8da01048,2026-10-02T00:00:00Z,Western Kentucky Hilltoppers @ New Mexico State Aggies,New Mexico State Aggies,-2.5,-110,fanduel,54.2,3.45,1.0,pinnacle,2.9,11.1
2026-09-30T05:10:39.911320+00:00,3c64f3dd8efd756a90f09303e5517006|North Texas Mean Green,cfb,thu,lean,3c64f3dd8efd756a90f09303e5517006,2026-10-02T01:00:00Z,North Texas Mean Green @ Tulsa Golden Hurricane,North Texas Mean Green,1.5,-110,fanduel,53.6,2.39,0.5,pinnacle,1.2,-6.2
2026-09-30T05:10:39.911320+00:00,e61c74f0e28b46ad83270a6234b425f4|Pittsburgh Panthers,cfb,fri,play,e61c74f0e28b46ad83270a6234b425f4,2026-10-02T23:00:00Z,Pittsburgh Panthers @ Virginia Tech Hokies,Pittsburgh Panthers,3.5,-114,fanduel,54.7,2.69,1.0,pinnacle,2.7,-4.2
2026-09-30T05:10:39.911320+00:00,4fcb5b7ec04cad7acc5d048bdd24be4c|Air Force Falcons,cfb,sat,lean,4fcb5b7ec04cad7acc5d048bdd24be4c,2026-10-03T16:00:00Z,Navy Midshipmen @ Air Force Falcons,Air Force Falcons,-3.5,102,fanduel,50.5,2.05,0.5,pinnacle,3.5,4.8
2026-09-30T05:10:39.911320+00:00,36357c80707ce0c3a645afe495b28bbd|Boston College Eagles,cfb,sat,play,36357c80707ce0c3a645afe495b28bbd,2026-10-03T16:00:00Z,Boston College Eagles @ SMU Mustangs,Boston College Eagles,20.5,-105,fanduel,53.6,4.64,1.0,pinnacle,20.6,10.4
2026-09-30T05:10:39.911320+00:00,11c2108f1d7c8fb56c8a6c7fcd9b62bf|UCF Knights,cfb,sat,lean,11c2108f1d7c8fb56c8a6c7fcd9b62bf,2026-10-03T16:00:00Z,UCF Knights @ Houston Cougars,UCF Knights,12.5,-110,fanduel,53.2,1.59,0.5,pinnacle,12.2,5.9
2026-09-30T05:10:39.911320+00:00,7bdd5ae18979fa3af61625a21d757987|Iowa State Cyclones,cfb,sat,play,7bdd5ae18979fa3af61625a21d757987,2026-10-03T16:00:00Z,West Virginia Mountaineers @ Iowa State Cyclones,Iowa State Cyclones,-3.5,100,fanduel,52.3,4.63,1.0,pinnacle,2.9,13.0
2026-09-30T05:10:39.911320+00:00,38e6b42c07f8da2e57e0b4dd09d6174c|Middle Tennessee Blue Raiders,cfb,sat,play,38e6b42c07f8da2e57e0b4dd09d6174c,2026-10-03T16:00:00Z,Middle Tennessee Blue Raiders @ Kansas Jayhawks,Middle Tennessee Blue Raiders,19.5,-114,fanduel,56.7,6.36,2.0,pinnacle,18.4,7.5
2026-09-30T05:10:39.911320+00:00,2b8db5053d533b488c0d76f49382d219|Notre Dame Fighting Irish,cfb,sat,lean,2b8db5053d533b488c0d76f49382d219,2026-10-03T16:00:00Z,Notre Dame Fighting Irish @ North Carolina Tar Heels,Notre Dame Fighting Irish,-21.5,-102,fanduel,51.5,1.97,0.5,pinnacle,-20.7,-30.1
2026-09-30T05:10:39.911320+00:00,94769faaa7a5aba0474291fc9c2d3d6d|UConn Huskies,cfb,sat,lean,94769faaa7a5aba0474291fc9c2d3d6d,2026-10-03T16:00:00Z,Syracuse Orange @ UConn Huskies,UConn Huskies,6.5,-110,fanduel,53.1,1.34,0.5,pinnacle,-6.8,15.2
2026-09-30T05:10:39.911320+00:00,46e1be6476ed577d1b5194b46b27c643|Vanderbilt Commodores,cfb,sat,play,46e1be6476ed577d1b5194b46b27c643,2026-10-03T16:45:00Z,Vanderbilt Commodores @ Georgia Bulldogs,Vanderbilt Commodores,24.5,-112,draftkings,56.3,6.56,2.0,pinnacle,23.5,13.8
2026-09-30T05:10:39.911320+00:00,031ad65ec032d459cda2cee30378e4a4|Buffalo Bulls,cfb,sat,play,031ad65ec032d459cda2cee30378e4a4,2026-10-03T17:00:00Z,Western Michigan Broncos @ Buffalo Bulls,Buffalo Bulls,13.5,-108,draftkings,53.6,3.23,1.0,pinnacle,-13.6,-1.4
2026-09-30T05:10:39.911320+00:00,9b2bcb758c7d7f4cb25d5102e4e9068e|Charlotte 49ers,cfb,sat,lean,9b2bcb758c7d7f4cb25d5102e4e9068e,2026-10-03T19:30:00Z,Memphis Tigers @ Charlotte 49ers,Charlotte 49ers,20.5,-112,draftkings,53.4,1.04,0.5,pinnacle,-20.1,-14.0
2026-09-30T05:10:39.911320+00:00,e4f058459f5ee64f3cff3ac1aed79e64|Old Dominion Monarchs,cfb,sat,lean,e4f058459f5ee64f3cff3ac1aed79e64,2026-10-03T19:30:00Z,Old Dominion Monarchs @ Georgia State Panthers,Old Dominion Monarchs,2.5,-112,draftkings,53.6,1.46,0.5,pinnacle,1.6,-1.7
2026-09-30T05:10:39.911320+00:00,e7e3e3bfc3fd7fca7550ecf48cb78666|New Mexico Lobos,cfb,sat,lean,e7e3e3bfc3fd7fca7550ecf48cb78666,2026-10-03T20:00:00Z,UTEP Miners @ New Mexico Lobos,New Mexico Lobos,-22.5,-110,fanduel,53.1,1.28,0.5,pinnacle,22.8,29.0
2026-09-30T05:10:39.911320+00:00,b30387175520051e2889230030365494|Colorado State Rams,cfb,sat,lean,b30387175520051e2889230030365494,2026-10-03T22:00:00Z,Oregon State Beavers @ Colorado State Rams,Colorado State Rams,6.5,-104,fanduel,51.7,1.37,0.5,pinnacle,-6.5,-2.1
2026-09-30T05:10:39.911320+00:00,ff98b80b07e2f42c76c2c255e6611247|Arkansas Razorbacks,cfb,sat,play,ff98b80b07e2f42c76c2c255e6611247,2026-10-03T23:00:00Z,Arkansas Razorbacks @ Texas A&M Aggies,Arkansas Razorbacks,14.0,-110,draftkings,53.8,2.58,1.0,pinnacle,13.8,5.6
2026-09-30T05:10:39.911320+00:00,a2f7df0b000c054abd3cbc6f4a4b2432|Utah State Aggies,cfb,sat,lean,a2f7df0b000c054abd3cbc6f4a4b2432,2026-10-03T23:30:00Z,Utah State Aggies @ Boise State Broncos,Utah State Aggies,20.5,-110,draftkings,53.1,1.31,0.5,pinnacle,20.6,12.0
2026-09-30T05:10:39.911320+00:00,f981648dba0e71d8517d47d31aa2633d|Washington Huskies,cfb,sat,play,f981648dba0e71d8517d47d31aa2633d,2026-10-03T23:30:00Z,Washington Huskies @ USC Trojans,Washington Huskies,9.5,-105,draftkings,52.5,2.59,1.0,pinnacle,9.5,2.9
2026-09-30T05:10:39.911320+00:00,1d3756ab74c013c39510958b5a632b74|Louisiana Ragin Cajuns,cfb,sat,lean,1d3756ab74c013c39510958b5a632b74,2026-10-04T00:00:00Z,Arkansas State Red Wolves @ Louisiana Ragin Cajuns,Louisiana Ragin Cajuns,-6.5,-110,fanduel,53.2,1.52,0.5,pinnacle,7.0,11.9
2026-09-30T05:10:39.911320+00:00,4ec93b02d04c2a019ebd6f4ccd9f7af5|Baylor Bears,cfb,sat,lean,4ec93b02d04c2a019ebd6f4ccd9f7af5,2026-10-04T02:30:00Z,Baylor Bears @ Arizona State Sun Devils,Baylor Bears,4.5,-115,fanduel,54.3,1.51,0.5,pinnacle,3.7,-2.1
