logged_at,pick_key,game_id,league,slot,tier,kickoff_utc,matchup,side,side_is_home,line,price,book,confidence,ev_pct,units,fair_source,fair_line,market_home_margin,model_home_margin,model_weight,hours_to_kick,signals,close_fair_line,close_line,clv_pts,clv_ev_pct,home_score,away_score,result,units_won
2026-09-30T05:54:29.781180+00:00,3c64f3dd8efd756a90f09303e5517006|North Texas Mean Green,3c64f3dd8efd756a90f09303e5517006,cfb,thu,play,2026-10-02T01:00:00Z,North Texas Mean Green @ Tulsa Golden Hurricane,North Texas Mean Green,False,1.5,-110,fanduel,54.6,4.26,1.0,pinnacle,0.5,0.5,-6.2,0.3,43.1,,,,,,,,,
2026-09-30T05:54:29.781180+00:00,e61c74f0e28b46ad83270a6234b425f4|Pittsburgh Panthers,e61c74f0e28b46ad83270a6234b425f4,cfb,fri,play,2026-10-02T23:00:00Z,Pittsburgh Panthers @ Virginia Tech Hokies,Pittsburgh Panthers,False,3.5,-114,fanduel,55.6,4.42,1.5,pinnacle,4.0,4.2,-4.2,0.191,65.1,,,,,,,,,
2026-09-30T05:54:29.781180+00:00,0469a451e58ca81723a7760d4bede173|Penn State Nittany Lions,0469a451e58ca81723a7760d4bede173,cfb,fri,play,2026-10-03T00:00:00Z,Penn State Nittany Lions @ Northwestern Wildcats,Penn State Nittany Lions,False,-2.5,-115,fanduel,55.8,4.32,1.0,pinnacle,-3.5,-3.6,-7.2,0.3,66.1,,,,,,,,,
2026-09-30T05:54:29.781180+00:00,6b22daf46195be6b3748584efe89dac1|Mississippi State Bulldogs,6b22daf46195be6b3748584efe89dac1,cfb,sat,play,2026-10-03T16:00:00Z,Alabama Crimson Tide @ Mississippi State Bulldogs,Mississippi State Bulldogs,True,5.5,-102,fanduel,52.3,3.66,1.0,pinnacle,6.5,-6.4,-3.2,0.3,82.1,,,,,,,,,
2026-09-30T05:54:29.781180+00:00,11c2108f1d7c8fb56c8a6c7fcd9b62bf|UCF Knights,11c2108f1d7c8fb56c8a6c7fcd9b62bf,cfb,sat,play,2026-10-03T16:00:00Z,UCF Knights @ Houston Cougars,UCF Knights,False,12.5,-110,fanduel,57.7,10.24,2.0,pinnacle,13.0,12.9,5.9,0.3,82.1,,,,,,,,,
2026-09-30T05:54:29.781180+00:00,2b8db5053d533b488c0d76f49382d219|Notre Dame Fighting Irish,2b8db5053d533b488c0d76f49382d219,cfb,sat,play,2026-10-03T16:00:00Z,Notre Dame Fighting Irish @ North Carolina Tar Heels,Notre Dame Fighting Irish,False,-21.5,-102,fanduel,52.5,3.87,1.0,pinnacle,-20.5,-20.5,-30.1,0.3,82.1,,,,,,,,,
2026-09-30T05:54:29.781180+00:00,94769faaa7a5aba0474291fc9c2d3d6d|UConn Huskies,94769faaa7a5aba0474291fc9c2d3d6d,cfb,sat,lean,2026-10-03T16:00:00Z,Syracuse Orange @ UConn Huskies,UConn Huskies,True,6.5,-110,fanduel,58.6,11.83,0.5,pinnacle,7.5,-7.4,15.2,0.3,82.1,,,,,,,,,
2026-09-30T05:54:29.781180+00:00,031ad65ec032d459cda2cee30378e4a4|Buffalo Bulls,031ad65ec032d459cda2cee30378e4a4,cfb,sat,lean,2026-10-03T17:00:00Z,Western Michigan Broncos @ Buffalo Bulls,Buffalo Bulls,True,13.5,-108,draftkings,54.5,4.94,0.5,pinnacle,13.5,-13.6,-1.4,0.085,83.1,,,,,,,,,
2026-09-30T05:54:29.781180+00:00,afbc95d529430ef9797b428b2a9db1ab|Central Michigan Chippewas,afbc95d529430ef9797b428b2a9db1ab,cfb,sat,play,2026-10-03T19:30:00Z,Akron Zips @ Central Michigan Chippewas,Central Michigan Chippewas,True,-6.5,-110,fanduel,55.6,6.08,1.5,pinnacle,-6.0,5.9,10.6,0.24,85.6,,,,,,,,,
2026-09-30T05:54:29.781180+00:00,6d39ea01c532535edf756b8086656518|Missouri Tigers,6d39ea01c532535edf756b8086656518,cfb,sat,play,2026-10-03T19:30:00Z,Florida Gators @ Missouri Tigers,Missouri Tigers,True,4.5,-105,fanduel,55.3,7.97,2.0,pinnacle,6.5,-6.4,1.2,0.3,85.6,,,,,,,,,
2026-09-30T05:54:29.781180+00:00,b163da8a283ade5bd6428a3ca01da8b8|Iowa Hawkeyes,b163da8a283ade5bd6428a3ca01da8b8,cfb,sat,play,2026-10-03T19:30:00Z,Ohio State Buckeyes @ Iowa Hawkeyes,Iowa Hawkeyes,True,14.0,-105,draftkings,56.5,10.05,2.0,pinnacle,14.5,-14.5,-7.8,0.3,85.6,,,,,,,,,
2026-09-30T05:54:29.781180+00:00,a77fd3143159a9d16a75685528d9960b|Louisville Cardinals,a77fd3143159a9d16a75685528d9960b,cfb,sat,play,2026-10-03T19:30:00Z,Louisville Cardinals @ NC State Wolfpack,Louisville Cardinals,False,-4.0,-105,draftkings,53.8,4.95,1.5,pinnacle,-5.0,-4.9,-9.5,0.3,85.6,,,,,,,,,
2026-09-30T05:54:29.781180+00:00,e7e3e3bfc3fd7fca7550ecf48cb78666|New Mexico Lobos,e7e3e3bfc3fd7fca7550ecf48cb78666,cfb,sat,lean,2026-10-03T20:00:00Z,UTEP Miners @ New Mexico Lobos,New Mexico Lobos,True,-22.5,-110,fanduel,53.0,1.11,0.5,pinnacle,-24.0,24.0,29.0,0.085,86.1,,,,,,,,,
2026-09-30T05:54:29.781180+00:00,b30387175520051e2889230030365494|Colorado State Rams,b30387175520051e2889230030365494,cfb,sat,play,2026-10-03T22:00:00Z,Oregon State Beavers @ Colorado State Rams,Colorado State Rams,True,6.5,-104,fanduel,54.3,6.53,1.5,pinnacle,7.0,-7.0,-2.1,0.3,88.1,,,,,,,,,
2026-09-30T05:54:29.781180+00:00,ff98b80b07e2f42c76c2c255e6611247|Arkansas Razorbacks,ff98b80b07e2f42c76c2c255e6611247,cfb,sat,play,2026-10-03T23:00:00Z,Arkansas Razorbacks @ Texas A&M Aggies,Arkansas Razorbacks,False,14.0,-110,draftkings,58.3,10.97,2.0,pinnacle,14.5,14.5,5.6,0.3,89.1,,,,,,,,,
2026-09-30T05:54:29.781180+00:00,279230b2d38c4e97187c3f065501a4cf|Rice Owls,279230b2d38c4e97187c3f065501a4cf,cfb,sat,play,2026-10-03T23:00:00Z,UTSA Roadrunners @ Rice Owls,Rice Owls,True,11.5,-105,fanduel,52.8,3.06,1.0,pinnacle,13.0,-12.9,-10.8,0.3,89.1,,,,,,,,,
2026-09-30T05:54:29.781180+00:00,a2f7df0b000c054abd3cbc6f4a4b2432|Utah State Aggies,a2f7df0b000c054abd3cbc6f4a4b2432,cfb,sat,play,2026-10-03T23:30:00Z,Utah State Aggies @ Boise State Broncos,Utah State Aggies,False,20.5,-110,draftkings,54.8,4.61,1.5,pinnacle,21.5,21.5,12.0,0.3,89.6,,,,,,,,,
2026-09-30T05:54:29.781180+00:00,932c7f6dfe06be77192fe000e9f3ac9d|Clemson Tigers,932c7f6dfe06be77192fe000e9f3ac9d,cfb,sat,play,2026-10-03T23:30:00Z,Miami Hurricanes @ Clemson Tigers,Clemson Tigers,True,16.5,-104,fanduel,52.6,3.27,1.0,pinnacle,15.5,-15.6,-12.2,0.3,89.6,,,,,,,,,
2026-09-30T05:54:29.781180+00:00,6338f8a71aba32414791add2d358472d|South Florida Bulls,6338f8a71aba32414791add2d358472d,cfb,sat,play,2026-10-03T23:30:00Z,Temple Owls @ South Florida Bulls,South Florida Bulls,True,-6.5,-108,draftkings,53.4,2.76,1.0,pinnacle,-5.5,5.5,8.5,0.3,89.6,,,,,,,,,
2026-09-30T05:54:29.781180+00:00,1d3756ab74c013c39510958b5a632b74|Louisiana Ragin Cajuns,1d3756ab74c013c39510958b5a632b74,cfb,sat,lean,2026-10-04T00:00:00Z,Arkansas State Red Wolves @ Louisiana Ragin Cajuns,Louisiana Ragin Cajuns,True,-6.5,-110,fanduel,53.4,1.87,0.5,pinnacle,-6.0,5.9,11.9,0.085,90.1,,,,,,,,,
2026-09-30T05:54:29.781180+00:00,4ec93b02d04c2a019ebd6f4ccd9f7af5|Baylor Bears,4ec93b02d04c2a019ebd6f4ccd9f7af5,cfb,sat,play,2026-10-04T02:30:00Z,Baylor Bears @ Arizona State Sun Devils,Baylor Bears,False,4.5,-115,fanduel,58.8,9.93,2.0,pinnacle,5.0,4.8,-2.1,0.3,92.6,,,,,,,,,
2026-09-30T19:01:26.487047+00:00,daf55e2df5341c007fee5a0fc5bbc2d4|Houston Texans,daf55e2df5341c007fee5a0fc5bbc2d4,nfl,sun,lean,2026-10-04T17:00:00Z,Dallas Cowboys @ Houston Texans,Houston Texans,True,-2.5,-115,draftkings,54.5,1.92,0.5,pinnacle,-3.5,3.6,2.9,0.0,94.0,,,,,,,,,
2026-09-30T19:01:26.487047+00:00,a39f3695781e9b2f76011e921d63b124|Delaware Blue Hens,a39f3695781e9b2f76011e921d63b124,cfb,fri,lean,2026-10-02T23:00:00Z,Liberty Flames @ Delaware Blue Hens,Delaware Blue Hens,True,7.5,-115,fanduel,54.1,1.07,0.5,pinnacle,8.5,-8.6,-6.3,0.3,52.0,,,,,,,,,
2026-09-30T19:01:26.487047+00:00,7bdd5ae18979fa3af61625a21d757987|Iowa State Cyclones,7bdd5ae18979fa3af61625a21d757987,cfb,sat,play,2026-10-03T16:00:00Z,West Virginia Mountaineers @ Iowa State Cyclones,Iowa State Cyclones,True,-2.5,-122,fanduel,57.3,4.32,1.5,pinnacle,-4.5,4.3,13.0,0.0,69.0,,,,,,,,,
2026-09-30T19:01:26.487047+00:00,4c84a699496b71ee1e626e3c7f5689c9|UL Monroe Warhawks,4c84a699496b71ee1e626e3c7f5689c9,cfb,sat,lean,2026-10-03T23:00:00Z,UL Monroe Warhawks @ South Alabama Jaguars,UL Monroe Warhawks,False,14.5,-118,fanduel,54.7,1.07,0.5,pinnacle,14.0,14.0,11.2,0.176,76.0,,,,,,,,,
